path_id,degree_id,degree_name,degree_family,award_level,pathway_type,academic_profile_min,cost_band,time_to_complete_years,estimated_total_training_years,profession_id,profession_name,profession_family,soc_code,entry_level_education,typical_training_years_post_hs,additional_training_required,path_strength,confidence,crosswalk_match,median_annual_wage_usd,median_hourly_wage_usd,employment_count,outlook_growth_pct,openings_annual,avg_weekly_hours_estimate,schedule_type,boundary_quality,predictability,ai_exposure,geographic_concentration,remote_friendliness,physical_intensity,weekend_work_likelihood,night_work_likelihood,tradeoff_summary,reality_check,path_note,grade_proxy_note,ooh_url,field_of_degree_url,onet_url,interest_overlap,top_skills_json,source_ids_json
path:cs_bachelors:software_developer,cs_bachelors,Computer Science,Technology,bachelors,degree,strong,medium,4,4,software_developer,Software Developers,Technology,15-1252.00,bachelors,4,,high,0.96,True,133080,63.98,1913650,15,140100,43,normal,moderate,medium,medium,regional,high,low,low,low,A more balanced path where the tradeoffs are easier to explain than annual salary alone.,"The route is reasonably direct, but the best outcomes still depend on execution, internships, or licensure.",Direct and common software path.,"Usually a better fit for students who are comfortable with math, logic, and abstraction.",https://www.bls.gov/ooh/computer-and-information-technology/software-developers.htm,https://www.bls.gov/ooh/field-of-degree/computer-and-information/computer-and-information-technology-field-of-degree.htm,https://www.onetonline.org/link/summary/15-1252.00,research;tech,"[{""skill_id"": ""computers_and_electronics"", ""skill_name"": ""Computers and Electronics"", ""skill_category"": ""knowledge"", ""importance_score"": 4.75, ""level_score"": 6.23}, {""skill_id"": ""programming"", ""skill_name"": ""Programming"", ""skill_category"": ""skill"", ""importance_score"": 4.0, ""level_score"": 4.12}, {""skill_id"": ""critical_thinking"", ""skill_name"": ""Critical Thinking"", ""skill_category"": ""skill"", ""importance_score"": 3.88, ""level_score"": 4.12}]","[""source:degree-field:cs_bachelors"", ""source:cip:crosswalk"", ""source:ooh:software_developer"", ""source:onet:software_developer"", ""source:overlay:heuristics""]"
path:cs_bachelors:information_security_analyst,cs_bachelors,Computer Science,Technology,bachelors,degree,strong,medium,4,4,information_security_analyst,Information Security Analysts,Technology,15-1212.00,bachelors,4,,medium,0.78,True,124910,60.05,182800,29,16000,44,normal,moderate,medium,medium,regional,medium,low,low,low,A more balanced path where the tradeoffs are easier to explain than annual salary alone.,"The route is reasonably direct, but the best outcomes still depend on execution, internships, or licensure.",Security path from a technical foundation.,"Usually a better fit for students who are comfortable with math, logic, and abstraction.",https://www.bls.gov/ooh/computer-and-information-technology/information-security-analysts.htm,https://www.bls.gov/ooh/field-of-degree/computer-and-information/computer-and-information-technology-field-of-degree.htm,https://www.onetonline.org/link/summary/15-1212.00,research;tech,"[{""skill_id"": ""computers_and_electronics"", ""skill_name"": ""Computers and Electronics"", ""skill_category"": ""knowledge"", ""importance_score"": 4.35, ""level_score"": 5.97}, {""skill_id"": ""english_language"", ""skill_name"": ""English Language"", ""skill_category"": ""knowledge"", ""importance_score"": 4.26, ""level_score"": 4.2}, {""skill_id"": ""reading_comprehension"", ""skill_name"": ""Reading Comprehension"", ""skill_category"": ""skill"", ""importance_score"": 4.0, ""level_score"": 4.12}]","[""source:degree-field:cs_bachelors"", ""source:cip:crosswalk"", ""source:ooh:information_security_analyst"", ""source:onet:information_security_analyst"", ""source:overlay:heuristics""]"
path:mis_bachelors:computer_systems_analyst,mis_bachelors,Management Information Systems,Business Technology,bachelors,degree,solid,medium,4,4,computer_systems_analyst,Computer Systems Analysts,Technology,15-1211.00,bachelors,4,,high,0.92,False,103790,49.9,558400,9,34200,43,normal,strong,high,high,regional,high,low,low,low,A more balanced path where the tradeoffs are easier to explain than annual salary alone.,"This path may stay viable, but students should expect a lot of the routine work to be reshaped by AI.",Common analyst path for systems-minded business grads.,Often a fit for students who want tech-adjacent work without the most math-heavy route.,https://www.bls.gov/ooh/computer-and-information-technology/computer-systems-analysts.htm,https://www.bls.gov/ooh/field-of-degree/business/business-field-of-degree.htm,https://www.onetonline.org/link/summary/15-1211.00,business;research;tech,"[{""skill_id"": ""computers_and_electronics"", ""skill_name"": ""Computers and Electronics"", ""skill_category"": ""knowledge"", ""importance_score"": 4.63, ""level_score"": 6.0}, {""skill_id"": ""speaking"", ""skill_name"": ""Speaking"", ""skill_category"": ""skill"", ""importance_score"": 4.0, ""level_score"": 4.0}, {""skill_id"": ""reading_comprehension"", ""skill_name"": ""Reading Comprehension"", ""skill_category"": ""skill"", ""importance_score"": 3.88, ""level_score"": 4.5}]","[""source:degree-field:mis_bachelors"", ""source:cip:crosswalk"", ""source:ooh:computer_systems_analyst"", ""source:onet:computer_systems_analyst"", ""source:overlay:heuristics""]"
path:mis_bachelors:management_analyst,mis_bachelors,Management Information Systems,Business Technology,bachelors,degree,solid,medium,4,4,management_analyst,Management Analysts,Business,13-1111.00,bachelors,4,,medium,0.64,False,101190,48.65,1001400,9,95400,48,extended,weak,low,high,major_hub_dependent,medium,low,medium,low,"Can fund the target lifestyle, but it usually asks for longer weeks or weaker boundaries.","This path may stay viable, but students should expect a lot of the routine work to be reshaped by AI.",Business-process and operations path.,Often a fit for students who want tech-adjacent work without the most math-heavy route.,https://www.bls.gov/ooh/business-and-financial/management-analysts.htm,https://www.bls.gov/ooh/field-of-degree/business/business-field-of-degree.htm,https://www.onetonline.org/link/summary/13-1111.00,business;research,"[{""skill_id"": ""english_language"", ""skill_name"": ""English Language"", ""skill_category"": ""knowledge"", ""importance_score"": 4.71, ""level_score"": 5.33}, {""skill_id"": ""administration_and_management"", ""skill_name"": ""Administration and Management"", ""skill_category"": ""knowledge"", ""importance_score"": 4.38, ""level_score"": 4.9}, {""skill_id"": ""reading_comprehension"", ""skill_name"": ""Reading Comprehension"", ""skill_category"": ""skill"", ""importance_score"": 4.12, ""level_score"": 4.12}]","[""source:degree-field:mis_bachelors"", ""source:cip:crosswalk"", ""source:ooh:management_analyst"", ""source:onet:management_analyst"", ""source:overlay:heuristics""]"
path:cybersecurity_bachelors:information_security_analyst,cybersecurity_bachelors,Cybersecurity,Technology,bachelors,degree,strong,medium,4,4,information_security_analyst,Information Security Analysts,Technology,15-1212.00,bachelors,4,,high,0.97,True,124910,60.05,182800,29,16000,44,normal,moderate,medium,medium,regional,medium,low,low,low,A more balanced path where the tradeoffs are easier to explain than annual salary alone.,"The route is reasonably direct, but the best outcomes still depend on execution, internships, or licensure.",One of the clearest degree-to-role mappings in the prototype.,Usually a stronger fit for students who like systems thinking and are comfortable with technical depth.,https://www.bls.gov/ooh/computer-and-information-technology/information-security-analysts.htm,https://www.bls.gov/ooh/field-of-degree/computer-and-information/computer-and-information-technology-field-of-degree.htm,https://www.onetonline.org/link/summary/15-1212.00,research;tech,"[{""skill_id"": ""computers_and_electronics"", ""skill_name"": ""Computers and Electronics"", ""skill_category"": ""knowledge"", ""importance_score"": 4.35, ""level_score"": 5.97}, {""skill_id"": ""english_language"", ""skill_name"": ""English Language"", ""skill_category"": ""knowledge"", ""importance_score"": 4.26, ""level_score"": 4.2}, {""skill_id"": ""reading_comprehension"", ""skill_name"": ""Reading Comprehension"", ""skill_category"": ""skill"", ""importance_score"": 4.0, ""level_score"": 4.12}]","[""source:degree-field:cybersecurity_bachelors"", ""source:cip:crosswalk"", ""source:ooh:information_security_analyst"", ""source:onet:information_security_analyst"", ""source:overlay:heuristics""]"
path:nursing_bachelors:registered_nurse,nursing_bachelors,Registered Nursing,Healthcare,bachelors,degree,solid,medium,4,4,registered_nurse,Registered Nurses,Healthcare,29-1141.00,bachelors,4,licensure,high,0.99,True,93600,45.0,3242800,6,194500,40,shift,moderate,medium,low,local_anywhere,low,medium,high,high,"More geographically flexible and less exposed to AI, with a grounded day-to-day tradeoff.","The real cost here is schedule control, not just training time.",Direct licensed care pathway.,"Needs academic consistency, science readiness, and comfort with clinical settings more than elite grades.",https://www.bls.gov/ooh/healthcare/registered-nurses.htm,https://www.bls.gov/ooh/field-of-degree/healthcare-and-related/healthcare-and-related-field-of-degree.htm,https://www.onetonline.org/link/summary/29-1141.00,communication;healthcare;helping_people,"[{""skill_id"": ""psychology"", ""skill_name"": ""Psychology"", ""skill_category"": ""knowledge"", ""importance_score"": 4.58, ""level_score"": 6.08}, {""skill_id"": ""customer_and_personal_service"", ""skill_name"": ""Customer and Personal Service"", ""skill_category"": ""knowledge"", ""importance_score"": 4.4, ""level_score"": 5.48}, {""skill_id"": ""medicine_and_dentistry"", ""skill_name"": ""Medicine and Dentistry"", ""skill_category"": ""knowledge"", ""importance_score"": 4.36, ""level_score"": 4.47}]","[""source:degree-field:nursing_bachelors"", ""source:cip:crosswalk"", ""source:ooh:registered_nurse"", ""source:onet:registered_nurse"", ""source:overlay:heuristics""]"
path:healthcare_admin_bachelors:medical_health_services_manager,healthcare_admin_bachelors,Healthcare Administration,Healthcare,bachelors,degree,solid,medium,4,4,medical_health_services_manager,Medical and Health Services Managers,Healthcare,11-9111.00,bachelors_plus_experience,4,related_experience,medium,0.7,True,117960,56.71,616200,23,62100,45,normal,moderate,medium,medium,regional,medium,low,low,low,A more balanced path where the tradeoffs are easier to explain than annual salary alone.,"The route is reasonably direct, but the best outcomes still depend on execution, internships, or licensure.",Healthcare operations and administration route.,Good for students interested in healthcare systems but not necessarily bedside care.,https://www.bls.gov/ooh/management/medical-and-health-services-managers.htm,https://www.bls.gov/ooh/field-of-degree/healthcare-and-related/healthcare-and-related-field-of-degree.htm,https://www.onetonline.org/link/summary/11-9111.00,business;communication;healthcare,"[{""skill_id"": ""administration_and_management"", ""skill_name"": ""Administration and Management"", ""skill_category"": ""knowledge"", ""importance_score"": 4.68, ""level_score"": 5.5}, {""skill_id"": ""english_language"", ""skill_name"": ""English Language"", ""skill_category"": ""knowledge"", ""importance_score"": 4.37, ""level_score"": 4.85}, {""skill_id"": ""customer_and_personal_service"", ""skill_name"": ""Customer and Personal Service"", ""skill_category"": ""knowledge"", ""importance_score"": 4.22, ""level_score"": 5.52}]","[""source:degree-field:healthcare_admin_bachelors"", ""source:cip:crosswalk"", ""source:ooh:medical_health_services_manager"", ""source:onet:medical_health_services_manager"", ""source:overlay:heuristics""]"
path:finance_bachelors:financial_analyst,finance_bachelors,Finance,Business,bachelors,degree,strong,medium,4,4,financial_analyst,Financial and Investment Analysts,Business,13-2051.00,bachelors,4,,high,0.92,True,101350,48.73,399800,6,30800,48,extended,weak,medium,high,major_hub_dependent,medium,low,low,low,"Can fund the target lifestyle, but it usually asks for longer weeks or weaker boundaries.","This path may stay viable, but students should expect a lot of the routine work to be reshaped by AI.",Core finance outcome.,"Stronger fit for students who are quantitative, detail-oriented, and okay with competitive environments.",https://www.bls.gov/ooh/business-and-financial/financial-analysts.htm,https://www.bls.gov/ooh/field-of-degree/business/business-field-of-degree.htm,https://www.onetonline.org/link/summary/13-2051.00,business;research,[],"[""source:degree-field:finance_bachelors"", ""source:cip:crosswalk"", ""source:ooh:financial_analyst"", ""source:onet:financial_analyst"", ""source:overlay:heuristics""]"
path:finance_bachelors:management_analyst,finance_bachelors,Finance,Business,bachelors,degree,strong,medium,4,4,management_analyst,Management Analysts,Business,13-1111.00,bachelors,4,,medium,0.55,False,101190,48.65,1001400,9,95400,48,extended,weak,low,high,major_hub_dependent,medium,low,medium,low,"Can fund the target lifestyle, but it usually asks for longer weeks or weaker boundaries.","This path may stay viable, but students should expect a lot of the routine work to be reshaped by AI.",Strategy and advisory adjacent path.,"Stronger fit for students who are quantitative, detail-oriented, and okay with competitive environments.",https://www.bls.gov/ooh/business-and-financial/management-analysts.htm,https://www.bls.gov/ooh/field-of-degree/business/business-field-of-degree.htm,https://www.onetonline.org/link/summary/13-1111.00,business;research,"[{""skill_id"": ""english_language"", ""skill_name"": ""English Language"", ""skill_category"": ""knowledge"", ""importance_score"": 4.71, ""level_score"": 5.33}, {""skill_id"": ""administration_and_management"", ""skill_name"": ""Administration and Management"", ""skill_category"": ""knowledge"", ""importance_score"": 4.38, ""level_score"": 4.9}, {""skill_id"": ""reading_comprehension"", ""skill_name"": ""Reading Comprehension"", ""skill_category"": ""skill"", ""importance_score"": 4.12, ""level_score"": 4.12}]","[""source:degree-field:finance_bachelors"", ""source:cip:crosswalk"", ""source:ooh:management_analyst"", ""source:onet:management_analyst"", ""source:overlay:heuristics""]"
path:economics_bachelors:economist,economics_bachelors,Economics,Business,bachelors,degree,strong,medium,4,4,economist,Economists,Research,19-3011.00,masters_or_bachelors,4,,high,0.85,True,120000,57.69,18800,5,1400,41,normal,strong,high,medium,major_hub_dependent,medium,low,low,low,"The earnings can work, but the upside often pulls you toward major city hubs.","The route is reasonably direct, but the best outcomes still depend on execution, internships, or licensure.",Strong direct analytical path.,"Usually a better fit for students who like analytical writing, statistics, and theory.",https://www.bls.gov/ooh/life-physical-and-social-science/economists.htm,https://www.bls.gov/ooh/field-of-degree/social-science/social-science-field-of-degree.htm,https://www.onetonline.org/link/summary/19-3011.00,business;research,"[{""skill_id"": ""mathematics"", ""skill_name"": ""Mathematics"", ""skill_category"": ""knowledge"", ""importance_score"": 4.54, ""level_score"": 6.08}, {""skill_id"": ""economics_and_accounting"", ""skill_name"": ""Economics and Accounting"", ""skill_category"": ""knowledge"", ""importance_score"": 4.46, ""level_score"": 5.5}, {""skill_id"": ""reading_comprehension"", ""skill_name"": ""Reading Comprehension"", ""skill_category"": ""skill"", ""importance_score"": 4.12, ""level_score"": 4.75}]","[""source:degree-field:economics_bachelors"", ""source:cip:crosswalk"", ""source:ooh:economist"", ""source:onet:economist"", ""source:overlay:heuristics""]"
path:economics_bachelors:management_analyst,economics_bachelors,Economics,Business,bachelors,degree,strong,medium,4,4,management_analyst,Management Analysts,Business,13-1111.00,bachelors,4,,medium,0.62,False,101190,48.65,1001400,9,95400,48,extended,weak,low,high,major_hub_dependent,medium,low,medium,low,"Can fund the target lifestyle, but it usually asks for longer weeks or weaker boundaries.","This path may stay viable, but students should expect a lot of the routine work to be reshaped by AI.",Common business application of economics training.,"Usually a better fit for students who like analytical writing, statistics, and theory.",https://www.bls.gov/ooh/business-and-financial/management-analysts.htm,https://www.bls.gov/ooh/field-of-degree/social-science/social-science-field-of-degree.htm,https://www.onetonline.org/link/summary/13-1111.00,business;research,"[{""skill_id"": ""english_language"", ""skill_name"": ""English Language"", ""skill_category"": ""knowledge"", ""importance_score"": 4.71, ""level_score"": 5.33}, {""skill_id"": ""administration_and_management"", ""skill_name"": ""Administration and Management"", ""skill_category"": ""knowledge"", ""importance_score"": 4.38, ""level_score"": 4.9}, {""skill_id"": ""reading_comprehension"", ""skill_name"": ""Reading Comprehension"", ""skill_category"": ""skill"", ""importance_score"": 4.12, ""level_score"": 4.12}]","[""source:degree-field:economics_bachelors"", ""source:cip:crosswalk"", ""source:ooh:management_analyst"", ""source:onet:management_analyst"", ""source:overlay:heuristics""]"
path:accounting_bachelors:accountant,accounting_bachelors,Accounting,Business,bachelors,degree,solid,medium,4,4,accountant,Accountants and Auditors,Business,13-2011.00,bachelors,4,,high,0.98,True,81680,39.27,1562000,6,130800,45,normal,moderate,high,high,regional,medium,low,low,low,A more balanced path where the tradeoffs are easier to explain than annual salary alone.,"This path may stay viable, but students should expect a lot of the routine work to be reshaped by AI.",Direct accounting pathway.,A strong fit for detail-oriented students who can handle repetitive precision work.,https://www.bls.gov/ooh/business-and-financial/accountants-and-auditors.htm,https://www.bls.gov/ooh/field-of-degree/business/business-field-of-degree.htm,https://www.onetonline.org/link/summary/13-2011.00,business;research,"[{""skill_id"": ""economics_and_accounting"", ""skill_name"": ""Economics and Accounting"", ""skill_category"": ""knowledge"", ""importance_score"": 4.65, ""level_score"": 5.84}, {""skill_id"": ""english_language"", ""skill_name"": ""English Language"", ""skill_category"": ""knowledge"", ""importance_score"": 3.96, ""level_score"": 4.24}, {""skill_id"": ""mathematics"", ""skill_name"": ""Mathematics"", ""skill_category"": ""knowledge"", ""importance_score"": 3.92, ""level_score"": 4.92}]","[""source:degree-field:accounting_bachelors"", ""source:cip:crosswalk"", ""source:ooh:accountant"", ""source:onet:accountant"", ""source:overlay:heuristics""]"
path:accounting_bachelors:financial_analyst,accounting_bachelors,Accounting,Business,bachelors,degree,solid,medium,4,4,financial_analyst,Financial and Investment Analysts,Business,13-2051.00,bachelors,4,,medium,0.56,False,101350,48.73,399800,6,30800,48,extended,weak,medium,high,major_hub_dependent,medium,low,low,low,"Can fund the target lifestyle, but it usually asks for longer weeks or weaker boundaries.","This path may stay viable, but students should expect a lot of the routine work to be reshaped by AI.",Finance-adjacent path for quantitatively strong accounting grads.,A strong fit for detail-oriented students who can handle repetitive precision work.,https://www.bls.gov/ooh/business-and-financial/financial-analysts.htm,https://www.bls.gov/ooh/field-of-degree/business/business-field-of-degree.htm,https://www.onetonline.org/link/summary/13-2051.00,business;research,[],"[""source:degree-field:accounting_bachelors"", ""source:cip:crosswalk"", ""source:ooh:financial_analyst"", ""source:onet:financial_analyst"", ""source:overlay:heuristics""]"
path:marketing_bachelors:market_research_analyst,marketing_bachelors,Marketing,Business,bachelors,degree,accessible,medium,4,4,market_research_analyst,Market Research Analysts,Business,13-1161.00,bachelors,4,,high,0.92,True,76950,36.99,941700,7,87200,42,normal,strong,high,high,regional,high,low,low,low,A more balanced path where the tradeoffs are easier to explain than annual salary alone.,"This path may stay viable, but students should expect a lot of the routine work to be reshaped by AI.",Direct market research and growth analytics path.,"Can fit a wider range of students, especially those who like persuasion, trends, and consumer behavior.",https://www.bls.gov/ooh/business-and-financial/market-research-analysts.htm,https://www.bls.gov/ooh/field-of-degree/business/business-field-of-degree.htm,https://www.onetonline.org/link/summary/13-1161.00,business;communication,"[{""skill_id"": ""english_language"", ""skill_name"": ""English Language"", ""skill_category"": ""knowledge"", ""importance_score"": 4.3, ""level_score"": 5.32}, {""skill_id"": ""customer_and_personal_service"", ""skill_name"": ""Customer and Personal Service"", ""skill_category"": ""knowledge"", ""importance_score"": 4.17, ""level_score"": 5.57}, {""skill_id"": ""sales_and_marketing"", ""skill_name"": ""Sales and Marketing"", ""skill_category"": ""knowledge"", ""importance_score"": 4.09, ""level_score"": 5.3}]","[""source:degree-field:marketing_bachelors"", ""source:cip:crosswalk"", ""source:ooh:market_research_analyst"", ""source:onet:market_research_analyst"", ""source:overlay:heuristics""]"
path:graphic_design_bachelors:graphic_designer,graphic_design_bachelors,Graphic Design,Design,bachelors,degree,accessible,medium,4,4,graphic_designer,Graphic Designers,Design,27-1024.00,bachelors_or_portfolio,4,,high,0.96,True,61720,29.67,272900,2,21100,40,normal,moderate,medium,high,regional,medium,low,low,low,A more balanced path where the tradeoffs are easier to explain than annual salary alone.,"This path may stay viable, but students should expect a lot of the routine work to be reshaped by AI.",Direct visual design path.,Portfolio strength often matters as much as grades.,https://www.bls.gov/ooh/arts-and-design/graphic-designers.htm,https://www.bls.gov/ooh/field-of-degree/fine-arts/fine-arts-field-of-degree.htm,https://www.onetonline.org/link/summary/27-1024.00,communication;design,"[{""skill_id"": ""design"", ""skill_name"": ""Design"", ""skill_category"": ""knowledge"", ""importance_score"": 4.7, ""level_score"": 5.8}, {""skill_id"": ""fine_arts"", ""skill_name"": ""Fine Arts"", ""skill_category"": ""knowledge"", ""importance_score"": 4.4, ""level_score"": 5.65}, {""skill_id"": ""computers_and_electronics"", ""skill_name"": ""Computers and Electronics"", ""skill_category"": ""knowledge"", ""importance_score"": 4.4, ""level_score"": 4.95}]","[""source:degree-field:graphic_design_bachelors"", ""source:cip:crosswalk"", ""source:ooh:graphic_designer"", ""source:onet:graphic_designer"", ""source:overlay:heuristics""]"
path:graphic_design_bachelors:web_digital_interface_designer,graphic_design_bachelors,Graphic Design,Design,bachelors,degree,accessible,medium,4,4,web_digital_interface_designer,Web and Digital Interface Designers,Design,15-1255.00,bachelors,4,,medium,0.72,True,98300,47.26,252000,8,16400,43,normal,moderate,medium,high,regional,high,low,low,low,A more balanced path where the tradeoffs are easier to explain than annual salary alone.,"This path may stay viable, but students should expect a lot of the routine work to be reshaped by AI.",Digital interface path for design grads.,Portfolio strength often matters as much as grades.,https://www.bls.gov/ooh/computer-and-information-technology/web-developers.htm,https://www.bls.gov/ooh/field-of-degree/fine-arts/fine-arts-field-of-degree.htm,https://www.onetonline.org/link/summary/15-1255.00,communication;design,[],"[""source:degree-field:graphic_design_bachelors"", ""source:cip:crosswalk"", ""source:ooh:web_digital_interface_designer"", ""source:onet:web_digital_interface_designer"", ""source:overlay:heuristics""]"
path:ux_design_bachelors:web_digital_interface_designer,ux_design_bachelors,Web and Digital Experience Design,Design,bachelors,degree,solid,medium,4,4,web_digital_interface_designer,Web and Digital Interface Designers,Design,15-1255.00,bachelors,4,,high,0.97,True,98300,47.26,252000,8,16400,43,normal,moderate,medium,high,regional,high,low,low,low,A more balanced path where the tradeoffs are easier to explain than annual salary alone.,"This path may stay viable, but students should expect a lot of the routine work to be reshaped by AI.",Direct UX/UI style path.,Usually best for students who combine design taste with systems thinking.,https://www.bls.gov/ooh/computer-and-information-technology/web-developers.htm,https://www.bls.gov/ooh/field-of-degree/computer-and-information/computer-and-information-technology-field-of-degree.htm,https://www.onetonline.org/link/summary/15-1255.00,communication;design;tech,[],"[""source:degree-field:ux_design_bachelors"", ""source:cip:crosswalk"", ""source:ooh:web_digital_interface_designer"", ""source:onet:web_digital_interface_designer"", ""source:overlay:heuristics""]"
path:ux_design_bachelors:graphic_designer,ux_design_bachelors,Web and Digital Experience Design,Design,bachelors,degree,solid,medium,4,4,graphic_designer,Graphic Designers,Design,27-1024.00,bachelors_or_portfolio,4,,medium,0.58,True,61720,29.67,272900,2,21100,40,normal,moderate,medium,high,regional,medium,low,low,low,A more balanced path where the tradeoffs are easier to explain than annual salary alone.,"This path may stay viable, but students should expect a lot of the routine work to be reshaped by AI.",Graphic communication fallback path.,Usually best for students who combine design taste with systems thinking.,https://www.bls.gov/ooh/arts-and-design/graphic-designers.htm,https://www.bls.gov/ooh/field-of-degree/computer-and-information/computer-and-information-technology-field-of-degree.htm,https://www.onetonline.org/link/summary/27-1024.00,communication;design,"[{""skill_id"": ""design"", ""skill_name"": ""Design"", ""skill_category"": ""knowledge"", ""importance_score"": 4.7, ""level_score"": 5.8}, {""skill_id"": ""fine_arts"", ""skill_name"": ""Fine Arts"", ""skill_category"": ""knowledge"", ""importance_score"": 4.4, ""level_score"": 5.65}, {""skill_id"": ""computers_and_electronics"", ""skill_name"": ""Computers and Electronics"", ""skill_category"": ""knowledge"", ""importance_score"": 4.4, ""level_score"": 4.95}]","[""source:degree-field:ux_design_bachelors"", ""source:cip:crosswalk"", ""source:ooh:graphic_designer"", ""source:onet:graphic_designer"", ""source:overlay:heuristics""]"
path:communications_bachelors:public_relations_specialist,communications_bachelors,Communications,Communication,bachelors,degree,accessible,medium,4,4,public_relations_specialist,Public Relations Specialists,Communication,27-3031.00,bachelors,4,,high,0.91,True,69780,33.55,315900,5,27600,43,normal,moderate,medium,medium,major_hub_dependent,medium,low,low,low,A more balanced path where the tradeoffs are easier to explain than annual salary alone.,"The route is reasonably direct, but the best outcomes still depend on execution, internships, or licensure.",Clear communications-to-PR path backed by the CIP crosswalk.,"Often more about communication skill, internships, and polish than pure grades.",https://www.bls.gov/ooh/media-and-communication/public-relations-specialists.htm,https://www.bls.gov/ooh/field-of-degree/communications/communications-field-of-degree.htm,https://www.onetonline.org/link/summary/27-3031.00,business;communication,"[{""skill_id"": ""communications_and_media"", ""skill_name"": ""Communications and Media"", ""skill_category"": ""knowledge"", ""importance_score"": 4.91, ""level_score"": 6.23}, {""skill_id"": ""english_language"", ""skill_name"": ""English Language"", ""skill_category"": ""knowledge"", ""importance_score"": 4.73, ""level_score"": 5.32}, {""skill_id"": ""speaking"", ""skill_name"": ""Speaking"", ""skill_category"": ""skill"", ""importance_score"": 4.12, ""level_score"": 4.25}]","[""source:degree-field:communications_bachelors"", ""source:cip:crosswalk"", ""source:ooh:public_relations_specialist"", ""source:onet:public_relations_specialist"", ""source:overlay:heuristics""]"
path:secondary_education_bachelors:high_school_teacher,secondary_education_bachelors,Secondary Education,Education,bachelors,degree,solid,medium,4,4,high_school_teacher,High School Teachers,Education,25-2031.00,bachelors,4,licensure,high,0.98,True,65720,31.6,1033000,0,64900,45,normal,moderate,high,low,local_anywhere,low,low,low,low,"More geographically flexible and less exposed to AI, with a grounded day-to-day tradeoff.","The route is reasonably direct, but the best outcomes still depend on execution, internships, or licensure.",Direct classroom teaching path.,"Needs patience, classroom presence, and willingness to work with young people consistently.",https://www.bls.gov/ooh/education-training-and-library/high-school-teachers.htm,https://www.bls.gov/ooh/field-of-degree/education/education-field-of-degree.htm,https://www.onetonline.org/link/summary/25-2031.00,communication;helping_people,"[{""skill_id"": ""education_and_training"", ""skill_name"": ""Education and Training"", ""skill_category"": ""knowledge"", ""importance_score"": 4.69, ""level_score"": 5.34}, {""skill_id"": ""english_language"", ""skill_name"": ""English Language"", ""skill_category"": ""knowledge"", ""importance_score"": 4.35, ""level_score"": 4.95}, {""skill_id"": ""instructing"", ""skill_name"": ""Instructing"", ""skill_category"": ""skill"", ""importance_score"": 4.12, ""level_score"": 4.0}]","[""source:degree-field:secondary_education_bachelors"", ""source:cip:crosswalk"", ""source:ooh:high_school_teacher"", ""source:onet:high_school_teacher"", ""source:overlay:heuristics""]"
path:psychology_bachelors:social_worker,psychology_bachelors,Psychology,Social Science,bachelors,degree,accessible,medium,4,4,social_worker,Social Workers,Social Service,21-1021.00,bachelors_or_masters,4,licensure_or_masters,medium,0.63,False,61330,29.49,728300,6,74000,42,normal,moderate,medium,low,local_anywhere,low,medium,medium,low,"More geographically flexible and less exposed to AI, with a grounded day-to-day tradeoff.","The route is reasonably direct, but the best outcomes still depend on execution, internships, or licensure.","People-centered path, but many counseling roles require more schooling.","Good fit for students interested in people, behavior, and counseling, but many high-upside roles need more schooling.",https://www.bls.gov/ooh/community-and-social-service/social-workers.htm,https://www.bls.gov/ooh/field-of-degree/psychology/psychology-field-of-degree.htm,https://www.onetonline.org/link/summary/21-1021.00,communication;helping_people,"[{""skill_id"": ""active_listening"", ""skill_name"": ""Active Listening"", ""skill_category"": ""skill"", ""importance_score"": 4.88, ""level_score"": 4.75}, {""skill_id"": ""speaking"", ""skill_name"": ""Speaking"", ""skill_category"": ""skill"", ""importance_score"": 4.5, ""level_score"": 4.12}, {""skill_id"": ""customer_and_personal_service"", ""skill_name"": ""Customer and Personal Service"", ""skill_category"": ""knowledge"", ""importance_score"": 4.32, ""level_score"": 5.21}]","[""source:degree-field:psychology_bachelors"", ""source:cip:crosswalk"", ""source:ooh:social_worker"", ""source:onet:social_worker"", ""source:overlay:heuristics""]"
path:psychology_bachelors:physician,psychology_bachelors,Psychology,Social Science,bachelors,degree,accessible,medium,4,10,physician,Physicians and Surgeons,Healthcare,29-1218.00,doctoral_or_professional,10,medical_school,low,0.2,False,239200,115.0,853700,3,23400,55,irregular,weak,low,low,regional,low,medium,high,high,"Can fund the target lifestyle, but it usually asks for longer weeks or weaker boundaries.","Possible, but this is a long and highly selective training path rather than a standard default outcome.","Technically possible, but this is a long elite training route rather than a default outcome.","Good fit for students interested in people, behavior, and counseling, but many high-upside roles need more schooling.",https://www.bls.gov/ooh/healthcare/physicians-and-surgeons.htm,https://www.bls.gov/ooh/field-of-degree/psychology/psychology-field-of-degree.htm,https://www.onetonline.org/link/summary/29-1218.00,helping_people;research,"[{""skill_id"": ""medicine_and_dentistry"", ""skill_name"": ""Medicine and Dentistry"", ""skill_category"": ""knowledge"", ""importance_score"": 5.0, ""level_score"": 6.64}, {""skill_id"": ""biology"", ""skill_name"": ""Biology"", ""skill_category"": ""knowledge"", ""importance_score"": 4.72, ""level_score"": 5.22}, {""skill_id"": ""english_language"", ""skill_name"": ""English Language"", ""skill_category"": ""knowledge"", ""importance_score"": 4.4, ""level_score"": 4.5}]","[""source:degree-field:psychology_bachelors"", ""source:cip:crosswalk"", ""source:ooh:physician"", ""source:onet:physician"", ""source:overlay:heuristics""]"
path:social_work_bachelors:social_worker,social_work_bachelors,Social Work,Social Service,bachelors,degree,accessible,low,4,4,social_worker,Social Workers,Social Service,21-1021.00,bachelors_or_masters,4,licensure_may_apply,high,0.96,True,61330,29.49,728300,6,74000,42,normal,moderate,medium,low,local_anywhere,low,medium,medium,low,"More geographically flexible and less exposed to AI, with a grounded day-to-day tradeoff.","The route is reasonably direct, but the best outcomes still depend on execution, internships, or licensure.",Direct helping-profession path.,"Usually more about empathy, resilience, and follow-through than elite academics.",https://www.bls.gov/ooh/community-and-social-service/social-workers.htm,https://www.bls.gov/ooh/field-of-degree/public-policy-and-social-services/public-policy-and-social-services-field-of-degree.htm,https://www.onetonline.org/link/summary/21-1021.00,communication;helping_people,"[{""skill_id"": ""active_listening"", ""skill_name"": ""Active Listening"", ""skill_category"": ""skill"", ""importance_score"": 4.88, ""level_score"": 4.75}, {""skill_id"": ""speaking"", ""skill_name"": ""Speaking"", ""skill_category"": ""skill"", ""importance_score"": 4.5, ""level_score"": 4.12}, {""skill_id"": ""customer_and_personal_service"", ""skill_name"": ""Customer and Personal Service"", ""skill_category"": ""knowledge"", ""importance_score"": 4.32, ""level_score"": 5.21}]","[""source:degree-field:social_work_bachelors"", ""source:cip:crosswalk"", ""source:ooh:social_worker"", ""source:onet:social_worker"", ""source:overlay:heuristics""]"
path:biology_bachelors:biological_technician,biology_bachelors,Biology,Science,bachelors,degree,strong,medium,4,4,biological_technician,Biological Technicians,Science,19-4021.00,bachelors,4,,high,0.82,True,51270,24.65,82000,7,6900,40,normal,strong,high,low,regional,low,medium,low,low,A more balanced path where the tradeoffs are easier to explain than annual salary alone.,"The route is reasonably direct, but the best outcomes still depend on execution, internships, or licensure.",Realistic lab and technician path without more schooling.,"Often strong academically, but a bachelor's alone may not unlock the highest-paying outcomes.",https://www.bls.gov/ooh/life-physical-and-social-science/biological-technicians.htm,https://www.bls.gov/ooh/field-of-degree/biology/biology-field-of-degree.htm,https://www.onetonline.org/link/summary/19-4021.00,healthcare;research,"[{""skill_id"": ""biology"", ""skill_name"": ""Biology"", ""skill_category"": ""knowledge"", ""importance_score"": 4.43, ""level_score"": 5.74}, {""skill_id"": ""reading_comprehension"", ""skill_name"": ""Reading Comprehension"", ""skill_category"": ""skill"", ""importance_score"": 4.0, ""level_score"": 4.62}, {""skill_id"": ""critical_thinking"", ""skill_name"": ""Critical Thinking"", ""skill_category"": ""skill"", ""importance_score"": 3.88, ""level_score"": 4.0}]","[""source:degree-field:biology_bachelors"", ""source:cip:crosswalk"", ""source:ooh:biological_technician"", ""source:onet:biological_technician"", ""source:overlay:heuristics""]"
path:biology_bachelors:physician,biology_bachelors,Biology,Science,bachelors,degree,strong,medium,4,10,physician,Physicians and Surgeons,Healthcare,29-1218.00,doctoral_or_professional,10,medical_school,low,0.35,False,239200,115.0,853700,3,23400,55,irregular,weak,low,low,regional,low,medium,high,high,"Can fund the target lifestyle, but it usually asks for longer weeks or weaker boundaries.","Possible, but this is a long and highly selective training path rather than a standard default outcome.",Possible only with substantial additional training after college.,"Often strong academically, but a bachelor's alone may not unlock the highest-paying outcomes.",https://www.bls.gov/ooh/healthcare/physicians-and-surgeons.htm,https://www.bls.gov/ooh/field-of-degree/biology/biology-field-of-degree.htm,https://www.onetonline.org/link/summary/29-1218.00,healthcare;research,"[{""skill_id"": ""medicine_and_dentistry"", ""skill_name"": ""Medicine and Dentistry"", ""skill_category"": ""knowledge"", ""importance_score"": 5.0, ""level_score"": 6.64}, {""skill_id"": ""biology"", ""skill_name"": ""Biology"", ""skill_category"": ""knowledge"", ""importance_score"": 4.72, ""level_score"": 5.22}, {""skill_id"": ""english_language"", ""skill_name"": ""English Language"", ""skill_category"": ""knowledge"", ""importance_score"": 4.4, ""level_score"": 4.5}]","[""source:degree-field:biology_bachelors"", ""source:cip:crosswalk"", ""source:ooh:physician"", ""source:onet:physician"", ""source:overlay:heuristics""]"
path:civil_engineering_bachelors:civil_engineer,civil_engineering_bachelors,Civil Engineering,Engineering,bachelors,degree,strong,medium,4,4,civil_engineer,Civil Engineers,Engineering,17-2051.00,bachelors,4,licensure_for_public_facing_work,high,0.98,True,99590,47.88,368900,5,23600,44,normal,moderate,medium,low,regional,low,medium,low,low,A more balanced path where the tradeoffs are easier to explain than annual salary alone.,"The route is reasonably direct, but the best outcomes still depend on execution, internships, or licensure.",Direct civil engineering path.,"A stronger fit for students comfortable with math, physics, and structured technical problem-solving.",https://www.bls.gov/ooh/architecture-and-engineering/civil-engineers.htm,https://www.bls.gov/ooh/field-of-degree/engineering/engineering-field-of-degree.htm,https://www.onetonline.org/link/summary/17-2051.00,hands_on;research,"[{""skill_id"": ""design"", ""skill_name"": ""Design"", ""skill_category"": ""knowledge"", ""importance_score"": 4.7, ""level_score"": 5.95}, {""skill_id"": ""engineering_and_technology"", ""skill_name"": ""Engineering and Technology"", ""skill_category"": ""knowledge"", ""importance_score"": 4.67, ""level_score"": 6.43}, {""skill_id"": ""building_and_construction"", ""skill_name"": ""Building and Construction"", ""skill_category"": ""knowledge"", ""importance_score"": 4.53, ""level_score"": 5.33}]","[""source:degree-field:civil_engineering_bachelors"", ""source:cip:crosswalk"", ""source:ooh:civil_engineer"", ""source:onet:civil_engineer"", ""source:overlay:heuristics""]"
path:mechanical_engineering_bachelors:mechanical_engineer,mechanical_engineering_bachelors,Mechanical Engineering,Engineering,bachelors,degree,strong,medium,4,4,mechanical_engineer,Mechanical Engineers,Engineering,17-2141.00,bachelors,4,licensure_for_public_facing_work,high,0.98,True,102320,49.19,293100,9,18100,44,normal,moderate,medium,medium,regional,low,medium,low,low,A more balanced path where the tradeoffs are easier to explain than annual salary alone.,"The route is reasonably direct, but the best outcomes still depend on execution, internships, or licensure.",Direct mechanical engineering path.,Usually best for students with strong math/science readiness and durable technical curiosity.,https://www.bls.gov/ooh/architecture-and-engineering/mechanical-engineers.htm,https://www.bls.gov/ooh/field-of-degree/engineering/engineering-field-of-degree.htm,https://www.onetonline.org/link/summary/17-2141.00,hands_on;research;tech,"[{""skill_id"": ""design"", ""skill_name"": ""Design"", ""skill_category"": ""knowledge"", ""importance_score"": 4.5, ""level_score"": 6.04}, {""skill_id"": ""engineering_and_technology"", ""skill_name"": ""Engineering and Technology"", ""skill_category"": ""knowledge"", ""importance_score"": 4.46, ""level_score"": 5.65}, {""skill_id"": ""production_and_processing"", ""skill_name"": ""Production and Processing"", ""skill_category"": ""knowledge"", ""importance_score"": 4.34, ""level_score"": 4.49}]","[""source:degree-field:mechanical_engineering_bachelors"", ""source:cip:crosswalk"", ""source:ooh:mechanical_engineer"", ""source:onet:mechanical_engineer"", ""source:overlay:heuristics""]"
path:construction_management_bachelors:construction_manager,construction_management_bachelors,Construction Management,Trades,bachelors,degree,solid,medium,4,4,construction_manager,Construction Managers,Trades,11-9021.00,bachelors,4,,high,0.98,True,106980,51.43,554300,9,45400,48,extended,moderate,low,low,regional,low,medium,medium,low,"Can fund the target lifestyle, but it usually asks for longer weeks or weaker boundaries.","The route is reasonably direct, but the best outcomes still depend on execution, internships, or licensure.",Direct site and project leadership path.,Good for students who want practical work and responsibility without a purely academic job.,https://www.bls.gov/ooh/management/construction-managers.htm,https://www.bls.gov/ooh/field-of-degree/construction/construction-field-of-degree.htm,https://www.onetonline.org/link/summary/11-9021.00,business;hands_on,"[{""skill_id"": ""building_and_construction"", ""skill_name"": ""Building and Construction"", ""skill_category"": ""knowledge"", ""importance_score"": 4.7, ""level_score"": 5.75}, {""skill_id"": ""administration_and_management"", ""skill_name"": ""Administration and Management"", ""skill_category"": ""knowledge"", ""importance_score"": 4.25, ""level_score"": 4.95}, {""skill_id"": ""judgment_and_decision_making"", ""skill_name"": ""Judgment and Decision Making"", ""skill_category"": ""skill"", ""importance_score"": 4.12, ""level_score"": 4.38}]","[""source:degree-field:construction_management_bachelors"", ""source:cip:crosswalk"", ""source:ooh:construction_manager"", ""source:onet:construction_manager"", ""source:overlay:heuristics""]"
path:paralegal_associate:paralegal,paralegal_associate,Paralegal Studies,Legal,associates,degree,accessible,low,2,2,paralegal,Paralegals and Legal Assistants,Legal,23-2011.00,associates_or_certificate,2,,high,0.98,True,61010,29.33,352700,1,37700,41,normal,moderate,high,high,regional,medium,low,low,low,A more balanced path where the tradeoffs are easier to explain than annual salary alone.,"This path may stay viable, but students should expect a lot of the routine work to be reshaped by AI.",Direct applied legal-support path.,"A good fit for organized students who like language, detail, and structured client work more than abstract theory.",https://www.bls.gov/ooh/legal/paralegals-and-legal-assistants.htm,https://www.bls.gov/ooh/field-of-degree/law-and-legal-studies/law-and-legal-studies-field-of-degree.htm,https://www.onetonline.org/link/summary/23-2011.00,business;communication;research,"[{""skill_id"": ""law_and_government"", ""skill_name"": ""Law and Government"", ""skill_category"": ""knowledge"", ""importance_score"": 4.78, ""level_score"": 4.87}, {""skill_id"": ""english_language"", ""skill_name"": ""English Language"", ""skill_category"": ""knowledge"", ""importance_score"": 4.42, ""level_score"": 4.88}, {""skill_id"": ""administrative"", ""skill_name"": ""Administrative"", ""skill_category"": ""knowledge"", ""importance_score"": 4.16, ""level_score"": 5.36}]","[""source:degree-field:paralegal_associate"", ""source:cip:crosswalk"", ""source:ooh:paralegal"", ""source:onet:paralegal"", ""source:overlay:heuristics""]"
path:dental_hygiene_associate:dental_hygienist,dental_hygiene_associate,Dental Hygiene,Healthcare,associates,degree,accessible,medium,3,3,dental_hygienist,Dental Hygienists,Healthcare,29-1292.00,associates,3,licensure,high,0.99,True,94260,45.32,221600,7,15300,34,normal,strong,high,low,local_anywhere,low,medium,low,low,"More geographically flexible and less exposed to AI, with a grounded day-to-day tradeoff.","The route is reasonably direct, but the best outcomes still depend on execution, internships, or licensure.",Shorter healthcare route with direct licensure path.,A good option for students wanting healthcare upside without the time and debt of medical school.,https://www.bls.gov/ooh/healthcare/dental-hygienists.htm,https://www.bls.gov/ooh/healthcare/dental-hygienists.htm,https://www.onetonline.org/link/summary/29-1292.00,healthcare;helping_people,"[{""skill_id"": ""medicine_and_dentistry"", ""skill_name"": ""Medicine and Dentistry"", ""skill_category"": ""knowledge"", ""importance_score"": 4.59, ""level_score"": 4.1}, {""skill_id"": ""customer_and_personal_service"", ""skill_name"": ""Customer and Personal Service"", ""skill_category"": ""knowledge"", ""importance_score"": 3.94, ""level_score"": 3.55}, {""skill_id"": ""active_listening"", ""skill_name"": ""Active Listening"", ""skill_category"": ""skill"", ""importance_score"": 3.75, ""level_score"": 4.0}]","[""source:degree-field:dental_hygiene_associate"", ""source:cip:crosswalk"", ""source:ooh:dental_hygienist"", ""source:onet:dental_hygienist"", ""source:overlay:heuristics""]"
path:radiologic_technology_associate:radiologic_technologist,radiologic_technology_associate,Radiologic Technology,Healthcare,associates,degree,accessible,medium,2,2,radiologic_technologist,Radiologic Technologists,Healthcare,29-2034.00,associates,2,licensure_or_certification,high,0.99,True,77660,37.34,228000,5,15400,40,shift,moderate,medium,low,regional,low,medium,medium,medium,"The money may work, but your calendar is likely to be the real compromise.","The real cost here is schedule control, not just training time.",Direct imaging technician path.,A good fit for students who want healthcare work plus technical equipment and procedures.,https://www.bls.gov/ooh/healthcare/radiologic-technologists.htm,https://www.bls.gov/ooh/healthcare/radiologic-technologists.htm,https://www.onetonline.org/link/summary/29-2034.00,hands_on;healthcare,"[{""skill_id"": ""medicine_and_dentistry"", ""skill_name"": ""Medicine and Dentistry"", ""skill_category"": ""knowledge"", ""importance_score"": 4.27, ""level_score"": 4.21}, {""skill_id"": ""customer_and_personal_service"", ""skill_name"": ""Customer and Personal Service"", ""skill_category"": ""knowledge"", ""importance_score"": 4.17, ""level_score"": 4.95}, {""skill_id"": ""english_language"", ""skill_name"": ""English Language"", ""skill_category"": ""knowledge"", ""importance_score"": 4.14, ""level_score"": 3.69}]","[""source:degree-field:radiologic_technology_associate"", ""source:cip:crosswalk"", ""source:ooh:radiologic_technologist"", ""source:onet:radiologic_technologist"", ""source:overlay:heuristics""]"
path:respiratory_therapy_associate:respiratory_therapist,respiratory_therapy_associate,Respiratory Therapy,Healthcare,associates,degree,accessible,medium,2,2,respiratory_therapist,Respiratory Therapists,Healthcare,29-1126.00,associates,2,licensure,high,0.99,True,81430,39.15,129000,13,9000,40,shift,moderate,medium,low,local_anywhere,low,medium,high,high,"More geographically flexible and less exposed to AI, with a grounded day-to-day tradeoff.","The real cost here is schedule control, not just training time.",Direct respiratory-care licensure path.,Good for students who want direct patient impact and can handle clinical environments without committing to medical school.,https://www.bls.gov/ooh/healthcare/respiratory-therapists.htm,https://www.bls.gov/ooh/healthcare-and-related/healthcare-and-related-field-of-degree.htm,https://www.onetonline.org/link/summary/29-1126.00,hands_on;healthcare;helping_people,"[{""skill_id"": ""customer_and_personal_service"", ""skill_name"": ""Customer and Personal Service"", ""skill_category"": ""knowledge"", ""importance_score"": 4.33, ""level_score"": 5.67}, {""skill_id"": ""medicine_and_dentistry"", ""skill_name"": ""Medicine and Dentistry"", ""skill_category"": ""knowledge"", ""importance_score"": 4.29, ""level_score"": 4.55}, {""skill_id"": ""english_language"", ""skill_name"": ""English Language"", ""skill_category"": ""knowledge"", ""importance_score"": 3.9, ""level_score"": 3.95}]","[""source:degree-field:respiratory_therapy_associate"", ""source:cip:crosswalk"", ""source:ooh:respiratory_therapist"", ""source:onet:respiratory_therapist"", ""source:overlay:heuristics""]"
path:electrician_apprenticeship:electrician,electrician_apprenticeship,Electrician Apprenticeship,Trades,apprenticeship,trade,open,low,4,4,electrician,Electricians,Trades,47-2111.00,high_school_plus_apprenticeship,4,apprenticeship_completion_and_licensure,high,0.99,False,62880,30.23,779800,11,80400,42,normal,strong,medium,low,local_anywhere,low,high,medium,low,"More geographically flexible and less exposed to AI, with a grounded day-to-day tradeoff.","This route trades prestige signaling for faster entry, lower debt, and more location flexibility.",Primary skilled-trade path.,"More about reliability, spatial sense, and physical work than academic prestige.",https://www.bls.gov/ooh/construction-and-extraction/electricians.htm,https://www.bls.gov/ooh/construction-and-extraction/electricians.htm,https://www.onetonline.org/link/summary/47-2111.00,hands_on,"[{""skill_id"": ""troubleshooting"", ""skill_name"": ""Troubleshooting"", ""skill_category"": ""skill"", ""importance_score"": 4.0, ""level_score"": 4.0}, {""skill_id"": ""building_and_construction"", ""skill_name"": ""Building and Construction"", ""skill_category"": ""knowledge"", ""importance_score"": 3.67, ""level_score"": 4.62}, {""skill_id"": ""administration_and_management"", ""skill_name"": ""Administration and Management"", ""skill_category"": ""knowledge"", ""importance_score"": 3.58, ""level_score"": 3.66}]","[""source:degree-field:electrician_apprenticeship"", ""source:ooh:electrician"", ""source:onet:electrician"", ""source:overlay:heuristics""]"
path:carpentry_apprenticeship:carpenter,carpentry_apprenticeship,Carpentry Apprenticeship,Trades,apprenticeship,trade,open,low,3,3,carpenter,Carpenters,Trades,47-2031.00,high_school_plus_apprenticeship,3,apprenticeship_completion_and_licensure,high,0.98,True,61220,29.43,899500,4,45600,42,normal,strong,medium,low,local_anywhere,low,high,medium,low,"More geographically flexible and less exposed to AI, with a grounded day-to-day tradeoff.","This route trades prestige signaling for faster entry, lower debt, and more location flexibility.",Primary carpentry pathway.,"Often a better fit for students who want practical output, visible progress, and lower debt.",https://www.bls.gov/ooh/construction-and-extraction/carpenters.htm,https://www.bls.gov/ooh/construction-and-extraction/carpenters.htm,https://www.onetonline.org/link/summary/47-2031.00,hands_on,"[{""skill_id"": ""building_and_construction"", ""skill_name"": ""Building and Construction"", ""skill_category"": ""knowledge"", ""importance_score"": 4.66, ""level_score"": 5.56}, {""skill_id"": ""mathematics"", ""skill_name"": ""Mathematics"", ""skill_category"": ""knowledge"", ""importance_score"": 3.91, ""level_score"": 4.24}, {""skill_id"": ""administration_and_management"", ""skill_name"": ""Administration and Management"", ""skill_category"": ""knowledge"", ""importance_score"": 3.91, ""level_score"": 3.83}]","[""source:degree-field:carpentry_apprenticeship"", ""source:cip:crosswalk"", ""source:ooh:carpenter"", ""source:onet:carpenter"", ""source:overlay:heuristics""]"
path:plumbing_apprenticeship:plumber,plumbing_apprenticeship,Plumbing Apprenticeship,Trades,apprenticeship,trade,open,low,4,4,plumber,Plumbers,Trades,47-2152.00,high_school_plus_apprenticeship,4,apprenticeship_completion_and_licensure,high,0.99,True,62970,30.27,504500,4,44000,44,irregular,strong,medium,low,local_anywhere,low,high,high,low,"More geographically flexible and less exposed to AI, with a grounded day-to-day tradeoff.","This route trades prestige signaling for faster entry, lower debt, and more location flexibility.",Primary skilled-trade path with paid training.,A strong path for students who want paid training and durable local work.,https://www.bls.gov/ooh/construction-and-extraction/plumbers-pipefitters-and-steamfitters.htm,https://www.bls.gov/ooh/construction-and-extraction/plumbers-pipefitters-and-steamfitters.htm,https://www.onetonline.org/link/summary/47-2152.00,hands_on,"[{""skill_id"": ""building_and_construction"", ""skill_name"": ""Building and Construction"", ""skill_category"": ""knowledge"", ""importance_score"": 4.35, ""level_score"": 5.36}, {""skill_id"": ""mechanical"", ""skill_name"": ""Mechanical"", ""skill_category"": ""knowledge"", ""importance_score"": 4.33, ""level_score"": 4.86}, {""skill_id"": ""design"", ""skill_name"": ""Design"", ""skill_category"": ""knowledge"", ""importance_score"": 3.76, ""level_score"": 5.05}]","[""source:degree-field:plumbing_apprenticeship"", ""source:cip:crosswalk"", ""source:ooh:plumber"", ""source:onet:plumber"", ""source:overlay:heuristics""]"
path:hvac_certificate:hvac_technician,hvac_certificate,HVAC Technology,Trades,certificate,trade,open,low,1,1,hvac_technician,HVAC Technicians,Trades,49-9021.00,postsecondary_nondegree_or_apprenticeship,1,certificate_or_apprenticeship,high,0.96,True,59810,28.75,441200,8,40100,43,irregular,moderate,medium,low,local_anywhere,low,high,medium,low,"More geographically flexible and less exposed to AI, with a grounded day-to-day tradeoff.","This route trades prestige signaling for faster entry, lower debt, and more location flexibility.",Fast route into HVAC technician work.,Often a good fit for students who like diagnostic problem-solving and practical systems work.,https://www.bls.gov/ooh/installation-maintenance-and-repair/heating-air-conditioning-and-refrigeration-mechanics-and-installers.htm,https://www.bls.gov/ooh/installation-maintenance-and-repair/heating-air-conditioning-and-refrigeration-mechanics-and-installers.htm,https://www.onetonline.org/link/summary/49-9021.00,hands_on;tech,"[{""skill_id"": ""mechanical"", ""skill_name"": ""Mechanical"", ""skill_category"": ""knowledge"", ""importance_score"": 4.67, ""level_score"": 5.93}, {""skill_id"": ""building_and_construction"", ""skill_name"": ""Building and Construction"", ""skill_category"": ""knowledge"", ""importance_score"": 4.18, ""level_score"": 4.97}, {""skill_id"": ""customer_and_personal_service"", ""skill_name"": ""Customer and Personal Service"", ""skill_category"": ""knowledge"", ""importance_score"": 4.03, ""level_score"": 4.85}]","[""source:degree-field:hvac_certificate"", ""source:cip:crosswalk"", ""source:ooh:hvac_technician"", ""source:onet:hvac_technician"", ""source:overlay:heuristics""]"
path:welding_certificate:welder,welding_certificate,Welding Technology,Trades,certificate,trade,open,low,1,1,welder,Welder,Trades,51-4121.00,high_school_plus_certificate,1,certificate_or_union_training,high,0.96,True,51890,24.95,418200,2,43800,42,shift,moderate,medium,medium,regional,low,high,medium,medium,"The money may work, but your calendar is likely to be the real compromise.","This route trades prestige signaling for faster entry, lower debt, and more location flexibility.",Fast fabrication and industrial trades path.,A good fit for students who want a practical skilled path with shorter training and visible output.,https://www.bls.gov/ooh/production/welders-cutters-solderers-and-brazers.htm,https://www.bls.gov/ooh/production/welders-cutters-solderers-and-brazers.htm,https://www.onetonline.org/link/summary/51-4121.00,hands_on;tech,"[{""skill_id"": ""production_and_processing"", ""skill_name"": ""Production and Processing"", ""skill_category"": ""knowledge"", ""importance_score"": 3.49, ""level_score"": 3.36}, {""skill_id"": ""quality_control_analysis"", ""skill_name"": ""Quality Control Analysis"", ""skill_category"": ""skill"", ""importance_score"": 3.12, ""level_score"": 3.0}, {""skill_id"": ""mechanical"", ""skill_name"": ""Mechanical"", ""skill_category"": ""knowledge"", ""importance_score"": 3.1, ""level_score"": 3.18}]","[""source:degree-field:welding_certificate"", ""source:cip:crosswalk"", ""source:ooh:welder"", ""source:onet:welder"", ""source:overlay:heuristics""]"
path:tile_setting_certificate:tile_stone_setter,tile_setting_certificate,Tile Setting Certificate,Trades,certificate,trade,open,low,1,1,tile_stone_setter,Tile and Stone Setters,Trades,47-2044.00,postsecondary_nondegree_or_apprenticeship,1,certificate_or_apprenticeship,high,0.9,False,60360,29.02,23400,5,2300,40,normal,strong,high,low,local_anywhere,low,high,low,low,"More geographically flexible and less exposed to AI, with a grounded day-to-day tradeoff.","This route trades prestige signaling for faster entry, lower debt, and more location flexibility.",Primary skilled craft path.,Portfolio of work and craft skill matter more than academic ranking.,https://www.bls.gov/ooh/construction-and-extraction/tile-and-marble-setters.htm,https://www.bls.gov/ooh/construction-and-extraction/tile-and-marble-setters.htm,https://www.onetonline.org/link/summary/47-2044.00,hands_on,"[{""skill_id"": ""building_and_construction"", ""skill_name"": ""Building and Construction"", ""skill_category"": ""knowledge"", ""importance_score"": 3.97, ""level_score"": 3.88}, {""skill_id"": ""mathematics"", ""skill_name"": ""Mathematics"", ""skill_category"": ""knowledge"", ""importance_score"": 3.35, ""level_score"": 3.27}, {""skill_id"": ""active_listening"", ""skill_name"": ""Active Listening"", ""skill_category"": ""skill"", ""importance_score"": 3.12, ""level_score"": 3.0}]","[""source:degree-field:tile_setting_certificate"", ""source:ooh:tile_stone_setter"", ""source:onet:tile_stone_setter"", ""source:overlay:heuristics""]"
